Time (s) Run #1,Position (mm) Run #1,Light Intensity (%) Run #1,Log of Light Intensity Run #1,,,,"ampiezza fenditure: 0,16 mm"
0,"0,67","0,8","1,9",,,,L=90 cm
"0,02","0,72","0,8","1,9",,,,f=50 Hz
"0,04","0,75","0,8","1,9",,,,intensità: media
"0,06","0,81","0,8","1,9",,,,
"0,08","0,85","0,8","1,9",,,,FARE GRAFICO INTENSITà POSIZIONE (quello sotto è tempo posizione)
"0,1","0,91","0,8","1,9",,,,
"0,12","0,96","0,8","1,9",,,,
"0,14","1,01","0,8","1,9",,,,
"0,16","1,06","0,8","1,9",,,,
"0,18","1,11","0,8","1,9",,,,
"0,2","1,16","0,8","1,9",,,,
"0,22","1,21","0,8","1,9",,,,
"0,24","1,25","0,8","1,9",,,,
"0,26","1,29","0,8","1,9",,,,
"0,28","1,33","0,8","1,9",,,,
"0,3","1,37","0,8","1,9",,,,
"0,32","1,4","0,8","1,9",,,,
"0,34","1,44","0,8","1,9",,,,
"0,36","1,48","0,8","1,9",,,,
"0,38","1,52","0,8","1,9",,,,
"0,4","1,56","0,8","1,9",,,,
"0,42","1,59","0,8","1,9",,,,
"0,44","1,63","0,8","1,9",,,,
"0,46","1,68","0,8","1,9",,,,
"0,48","1,73","0,8","1,9",,,,
"0,5","1,78","0,8","1,9",,,,
"0,52","1,83","0,8","1,9",,,,
"0,54","1,87","0,8","1,9",,,,
"0,56","1,91","0,8","1,9",,,,
"0,58","1,94","0,8","1,9",,,,
"0,6","1,97","0,8","1,9",,,,
"0,62",2,"0,8","1,9",,,,
"0,64","2,02","0,8","1,9",,,,
"0,66","2,04","0,8","1,9",,,,
"0,68","2,06","0,8","1,9",,,,
"0,7","2,08","0,8","1,9",,,,
"0,72","2,11","0,8","1,9",,,,
"0,74","2,14","0,8","1,9",,,,
"0,76","2,17","0,8","1,9",,,,
"0,78","2,2","0,8","1,9",,,,
"0,8","2,23","0,8","1,9",,,,
"0,82","2,26","0,8","1,9",,,,
"0,84","2,3","0,8","1,9",,,,
"0,86","2,33","0,8","1,9",,,,
"0,88","2,36","0,8","1,9",,,,
"0,9","2,39","0,8","1,9",,,,
"0,92","2,42","0,8","1,9",,,,
"0,94","2,46","0,8","1,9",,,,
"0,96","2,5","0,8","1,9",,,,
"0,98","2,54","0,8","1,9",,,,
1,"2,59","0,8","1,9",,,,
"1,02","2,63","0,8","1,9",,,,
"1,04","2,68","0,8","1,9",,,,
"1,06","2,73","0,8","1,9",,,,
"1,08","2,77","0,8","1,9",,,,
"1,1","2,82","0,8","1,9",,,,
"1,12","2,86","0,8","1,9",,,,
"1,14","2,9","0,8","1,9",,,,
"1,16","2,94","0,8","1,9",,,,
"1,18","2,98","0,8","1,9",,,,
"1,2","3,03","0,8","1,9",,,,
"1,22","3,08","0,8","1,9",,,,
"1,24","3,13","0,8","1,9",,,,
"1,26","3,17","0,8","1,9",,,,
"1,28","3,21","0,8","1,9",,,,
"1,3","3,25","0,8","1,9",,,,
"1,32","3,27","0,8","1,9",,,,
"1,34","3,29","0,8","1,9",,,,
"1,36","3,32","0,8","1,9",,,,
"1,38","3,36","0,8","1,9",,,,
"1,4","3,4","0,8","1,9",,,,
"1,42","3,44","0,8","1,9",,,,
"1,44","3,48","0,8","1,9",,,,
"1,46","3,53","0,8","1,9",,,,
"1,48","3,59","0,8","1,9",,,,
"1,5","3,64","0,8","1,9",,,,
"1,52","3,69","0,8","1,9",,,,
"1,54","3,73","0,8","1,9",,,,
"1,56","3,76","0,8","1,9",,,,
"1,58","3,81","0,8","1,9",,,,
"1,6","3,86","0,8","1,9",,,,
"1,62","3,92","0,8","1,9",,,,
"1,64","3,99","0,8","1,9",,,,
"1,66","4,05","0,8","1,9",,,,
"1,68","4,09","0,8","1,9",,,,
"1,7","4,14","0,8","1,9",,,,
"1,72","4,19","0,8","1,9",,,,
"1,74","4,24","0,8","1,9",,,,
"1,76","4,3","0,8","1,9",,,,
"1,78","4,37","0,8","1,9",,,,
"1,8","4,44","0,8","1,9",,,,
"1,82","4,51","0,8","1,9",,,,
"1,84","4,58","0,8","1,9",,,,
"1,86","4,65","0,8","1,9",,,,
"1,88","4,7","0,8","1,9",,,,
"1,9","4,75","0,8","1,9",,,,
"1,92","4,8","0,8","1,9",,,,
"1,94","4,86","0,8","1,9",,,,
"1,96","4,91","0,8","1,9",,,,
"1,98","4,96","0,8","1,9",,,,
2,"5,01","0,8","1,9",,,,
"2,02","5,07","0,8","1,9",,,,
"2,04","5,13","0,8","1,9",,,,
"2,06","5,19","0,8","1,9",,,,
"2,08","5,26","0,8","1,9",,,,
"2,1","5,32","0,8","1,9",,,,
"2,12","5,38","0,8","1,9",,,,
"2,14","5,44","0,8","1,9",,,,
"2,16","5,5","0,8","1,9",,,,
"2,18","5,55","0,8","1,9",,,,
"2,2","5,61","0,8","1,9",,,,
"2,22","5,67","0,8","1,9",,,,
"2,24","5,73","0,8","1,9",,,,
"2,26","5,79","0,8","1,9",,,,
"2,28","5,84","0,8","1,9",,,,
"2,3","5,89","0,8","1,9",,,,
"2,32","5,93","0,8","1,9",,,,
"2,34","5,98","0,8","1,9",,,,
"2,36","6,02","0,8","1,9",,,,
"2,38","6,05","0,8","1,9",,,,
"2,4","6,08","0,8","1,9",,,,
"2,42","6,12","0,8","1,9",,,,
"2,44","6,16","0,8","1,9",,,,
"2,46","6,2","0,8","1,9",,,,
"2,48","6,23","0,8","1,9",,,,
"2,5","6,27","0,8","1,9",,,,
"2,52","6,31","0,8","1,9",,,,
"2,54","6,35","0,8","1,9",,,,
"2,56","6,4","0,8","1,9",,,,
"2,58","6,44","0,8","1,9",,,,
"2,6","6,49","0,8","1,9",,,,
"2,62","6,53","0,8","1,9",,,,
"2,64","6,58","0,8","1,9",,,,
"2,66","6,63","0,8","1,9",,,,
"2,68","6,69","0,8","1,9",,,,
"2,7","6,74","0,8","1,9",,,,
"2,72","6,8","0,8","1,9",,,,
"2,74","6,86","0,8","1,9",,,,
"2,76","6,92","0,8","1,9",,,,
"2,78","6,98","0,8","1,9",,,,
"2,8","7,05","0,8","1,9",,,,
"2,82","7,12","0,8","1,9",,,,
"2,84","7,18","0,8","1,9",,,,
"2,86","7,25","0,8","1,9",,,,
"2,88","7,32","0,8","1,9",,,,
"2,9","7,38","0,8","1,9",,,,
"2,92","7,44","0,8","1,9",,,,
"2,94","7,5","0,8","1,9",,,,
"2,96","7,56","0,9","1,9",,,,
"2,98","7,62","0,8","1,9",,,,
3,"7,67","0,8","1,9",,,,
"3,02","7,72","0,8","1,9",,,,
"3,04","7,77","0,8","1,9",,,,
"3,06","7,81","0,8","1,9",,,,
"3,08","7,86","0,8","1,9",,,,
"3,1","7,91","0,8","1,9",,,,
"3,12","7,96","0,8","1,9",,,,
"3,14","8,02","0,8","1,9",,,,
"3,16","8,09","0,9","1,9",,,,
"3,18","8,17","0,8","1,9",,,,
"3,2","8,26","0,8","1,9",,,,
"3,22","8,35","0,8","1,9",,,,
"3,24","8,45","0,8","1,9",,,,
"3,26","8,54","0,9","1,9",,,,
"3,28","8,63","0,8","1,9",,,,
"3,3","8,71","0,9","1,9",,,,
"3,32","8,78","0,8","1,9",,,,
"3,34","8,83","0,8","1,9",,,,
"3,36","8,88","0,8","1,9",,,,
"3,38","8,93","0,9","1,9",,,,
"3,4","8,97","0,8","1,9",,,,
"3,42","9,03","0,8","1,9",,,,
"3,44","9,09","0,8","1,9",,,,
"3,46","9,15","0,8","1,9",,,,
"3,48","9,23","0,8","1,9",,,,
"3,5","9,31","0,8","1,9",,,,
"3,52","9,4","0,8","1,9",,,,
"3,54","9,49","0,8","1,9",,,,
"3,56","9,57","0,8","1,9",,,,
"3,58","9,66","0,8","1,9",,,,
"3,6","9,74","0,8","1,9",,,,
"3,62","9,82","0,8","1,9",,,,
"3,64","9,9","0,8","1,9",,,,
"3,66","9,98","0,8","1,9",,,,
"3,68","10,06","0,8","1,9",,,,
"3,7","10,14","0,8","1,9",,,,
"3,72","10,21","0,8","1,9",,,,
"3,74","10,29","0,8","1,9",,,,
"3,76","10,36","0,8","1,9",,,,
"3,78","10,43","0,8","1,9",,,,
"3,8","10,5","0,8","1,9",,,,
"3,82","10,56","0,8","1,9",,,,
"3,84","10,62","0,8","1,9",,,,
"3,86","10,67","0,8","1,9",,,,
"3,88","10,73","0,8","1,9",,,,
"3,9","10,78","0,8","1,9",,,,
"3,92","10,84","0,8","1,9",,,,
"3,94","10,9","0,8","1,9",,,,
"3,96","10,97","0,8","1,9",,,,
"3,98","11,03","0,8","1,9",,,,
4,"11,11","0,8","1,9",,,,
"4,02","11,18","0,8","1,9",,,,
"4,04","11,25","0,8","1,9",,,,
"4,06","11,32","0,8","1,9",,,,
"4,08","11,39","0,8","1,9",,,,
"4,1","11,46","0,8","1,9",,,,
"4,12","11,53","0,8","1,9",,,,
"4,14","11,59","0,8","1,9",,,,
"4,16","11,65","0,8","1,9",,,,
"4,18","11,7","0,8","1,9",,,,
"4,2","11,75","0,8","1,9",,,,
"4,22","11,8","0,8","1,9",,,,
"4,24","11,84","0,8","1,9",,,,
"4,26","11,89","0,8","1,9",,,,
"4,28","11,92","0,8","1,9",,,,
"4,3","11,96","0,8","1,9",,,,
"4,32","11,99","0,8","1,9",,,,
"4,34","12,03","0,8","1,9",,,,
"4,36","12,06","0,9","1,9",,,,
"4,38","12,09","0,8","1,9",,,,
"4,4","12,12","0,8","1,9",,,,
"4,42","12,16","0,8","1,9",,,,
"4,44","12,2","0,8","1,9",,,,
"4,46","12,24","0,8","1,9",,,,
"4,48","12,29","0,8","1,9",,,,
"4,5","12,34","0,8","1,9",,,,
"4,52","12,39","0,8","1,9",,,,
"4,54","12,44","0,8","1,9",,,,
"4,56","12,5","0,8","1,9",,,,
"4,58","12,55","0,8","1,9",,,,
"4,6","12,61","0,8","1,9",,,,
"4,62","12,67","0,8","1,9",,,,
"4,64","12,72","0,8","1,9",,,,
"4,66","12,77","0,8","1,9",,,,
"4,68","12,83","0,8","1,9",,,,
"4,7","12,88","0,8","1,9",,,,
"4,72","12,93","0,8","1,9",,,,
"4,74","12,98","0,8","1,9",,,,
"4,76","13,03","0,8","1,9",,,,
"4,78","13,08","0,8","1,9",,,,
"4,8","13,13","0,8","1,9",,,,
"4,82","13,18","0,8","1,9",,,,
"4,84","13,24","0,8","1,9",,,,
"4,86","13,31","0,8","1,9",,,,
"4,88","13,38","0,8","1,9",,,,
"4,9","13,45","0,8","1,9",,,,
"4,92","13,54","0,8","1,9",,,,
"4,94","13,62","0,8","1,9",,,,
"4,96","13,69","0,8","1,9",,,,
"4,98","13,74","0,8","1,9",,,,
5,"13,79","0,8","1,9",,,,
"5,02","13,85","0,8","1,9",,,,
"5,04","13,91","0,8","1,9",,,,
"5,06","13,96","0,8","1,9",,,,
"5,08","14,02","0,8","1,9",,,,
"5,1","14,08","0,8","1,9",,,,
"5,12","14,13","0,8","1,9",,,,
"5,14","14,18","0,8","1,9",,,,
"5,16","14,22","0,8","1,9",,,,
"5,18","14,26","0,8","1,9",,,,
"5,2","14,28","0,8","1,9",,,,
"5,22","14,31","0,8","1,9",,,,
"5,24","14,34","0,8","1,9",,,,
"5,26","14,38","0,8","1,9",,,,
"5,28","14,42","0,8","1,9",,,,
"5,3","14,44","0,8","1,9",,,,
"5,32","14,48","0,8","1,9",,,,
"5,34","14,52","0,8","1,9",,,,
"5,36","14,56","0,8","1,9",,,,
"5,38","14,61","0,8","1,9",,,,
"5,4","14,66","0,8","1,9",,,,
"5,42","14,71","0,8","1,9",,,,
"5,44","14,75","0,8","1,9",,,,
"5,46","14,79","0,8","1,9",,,,
"5,48","14,84","0,8","1,9",,,,
"5,5","14,88","0,8","1,9",,,,
"5,52","14,93","0,8","1,9",,,,
"5,54","14,99","0,8","1,9",,,,
"5,56","15,05","0,8","1,9",,,,
"5,58","15,1","0,8","1,9",,,,
"5,6","15,15","0,8","1,9",,,,
"5,62","15,2","0,8","1,9",,,,
"5,64","15,25","0,8","1,9",,,,
"5,66","15,3","0,8","1,9",,,,
"5,68","15,36","0,8","1,9",,,,
"5,7","15,41","0,8","1,9",,,,
"5,72","15,47","0,8","1,9",,,,
"5,74","15,52","0,9","1,9",,,,
"5,76","15,58","0,9","1,9",,,,
"5,78","15,64","0,8","1,9",,,,
"5,8","15,7","0,8","1,9",,,,
"5,82","15,76","0,8","1,9",,,,
"5,84","15,82","0,9","1,9",,,,
"5,86","15,89","0,9","1,9",,,,
"5,88","15,96","0,9","1,9",,,,
"5,9","16,02","0,9","1,9",,,,
"5,92","16,08","0,8","1,9",,,,
"5,94","16,14","0,8","1,9",,,,
"5,96","16,19","0,8","1,9",,,,
"5,98","16,25","0,8","1,9",,,,
6,"16,31","0,8","1,9",,,,
"6,02","16,36","0,8","1,9",,,,
"6,04","16,42","0,8","1,9",,,,
"6,06","16,48","0,8","1,9",,,,
"6,08","16,53","0,8","1,9",,,,
"6,1","16,58","0,8","1,9",,,,
"6,12","16,62","0,8","1,9",,,,
"6,14","16,66","0,8","1,9",,,,
"6,16","16,69","0,8","1,9",,,,
"6,18","16,72","0,8","1,9",,,,
"6,2","16,76","0,8","1,9",,,,
"6,22","16,8","0,8","1,9",,,,
"6,24","16,85","0,8","1,9",,,,
"6,26","16,91","0,8","1,9",,,,
"6,28","16,98","0,8","1,9",,,,
"6,3","17,05","0,8","1,9",,,,
"6,32","17,13","0,8","1,9",,,,
"6,34","17,21","0,8","1,9",,,,
"6,36","17,3","0,8","1,9",,,,
"6,38","17,39","0,8","1,9",,,,
"6,4","17,47","0,8","1,9",,,,
"6,42","17,55","0,8","1,9",,,,
"6,44","17,62","0,8","1,9",,,,
"6,46","17,69","0,8","1,9",,,,
"6,48","17,76","0,8","1,9",,,,
"6,5","17,82","0,8","1,9",,,,
"6,52","17,88","0,8","1,9",,,,
"6,54","17,94","0,8","1,9",,,,
"6,56","18,02","0,8","1,9",,,,
"6,58","18,1","0,8","1,9",,,,
"6,6","18,19","0,8","1,9",,,,
"6,62","18,3","0,8","1,9",,,,
"6,64","18,41","0,8","1,9",,,,
"6,66","18,52","0,8","1,9",,,,
"6,68","18,63","0,8","1,9",,,,
"6,7","18,73","0,8","1,9",,,,
"6,72","18,81","0,8","1,9",,,,
"6,74","18,84","0,8","1,9",,,,
"6,76","18,87","0,9","1,9",,,,
"6,78","18,9","0,9","1,9",,,,
"6,8","18,93","0,8","1,9",,,,
"6,82",19,"0,9","1,9",,,,
"6,84","19,06","0,9","1,9",,,,
"6,86","19,13","0,8","1,9",,,,
"6,88","19,19","0,9","1,9",,,,
"6,9","19,25","0,9","1,9",,,,
"6,92","19,29","0,9","1,9",,,,
"6,94","19,31","0,9","1,9",,,,
"6,96","19,33","0,9","1,9",,,,
"6,98","19,35","0,9","1,9",,,,
7,"19,38","0,9","1,9",,,,
"7,02","19,42","0,9","1,9",,,,
"7,04","19,47","0,9","1,9",,,,
"7,06","19,54","0,9","1,9",,,,
"7,08","19,6","0,9","1,9",,,,
"7,1","19,65","0,9","1,9",,,,
"7,12","19,71","0,8","1,9",,,,
"7,14","19,77","0,9","1,9",,,,
"7,16","19,83","0,9","1,9",,,,
"7,18","19,89","0,9","1,9",,,,
"7,2","19,94","0,8","1,9",,,,
"7,22","19,99","0,9","1,9",,,,
"7,24","20,05","0,8","1,9",,,,
"7,26","20,1","0,8","1,9",,,,
"7,28","20,16","0,9","1,9",,,,
"7,3","20,22","0,9","1,9",,,,
"7,32","20,28","0,8","1,9",,,,
"7,34","20,34","0,8","1,9",,,,
"7,36","20,41","0,8","1,9",,,,
"7,38","20,48","0,8","1,9",,,,
"7,4","20,56","0,8","1,9",,,,
"7,42","20,63","0,8","1,9",,,,
"7,44","20,71","0,8","1,9",,,,
"7,46","20,8","0,8","1,9",,,,
"7,48","20,88","0,8","1,9",,,,
"7,5","20,98","0,8","1,9",,,,
"7,52","21,07","0,8","1,9",,,,
"7,54","21,16","0,8","1,9",,,,
"7,56","21,25","0,8","1,9",,,,
"7,58","21,33","0,8","1,9",,,,
"7,6","21,42","0,8","1,9",,,,
"7,62","21,5","0,8","1,9",,,,
"7,64","21,57","0,8","1,9",,,,
"7,66","21,65","0,8","1,9",,,,
"7,68","21,72","0,8","1,9",,,,
"7,7","21,78","0,8","1,9",,,,
"7,72","21,83","0,8","1,9",,,,
"7,74","21,89","0,8","1,9",,,,
"7,76","21,95","0,8","1,9",,,,
"7,78","22,01","0,8","1,9",,,,
"7,8","22,07","0,8","1,9",,,,
"7,82","22,13","0,8","1,9",,,,
"7,84","22,2","0,8","1,9",,,,
"7,86","22,26","0,8","1,9",,,,
"7,88","22,33","0,8","1,9",,,,
"7,9","22,38","0,9","1,9",,,,
"7,92","22,44","0,9","1,9",,,,
"7,94","22,5","0,9","1,9",,,,
"7,96","22,55","0,9","1,9",,,,
"7,98","22,6","0,9","1,9",,,,
8,"22,65","0,9","1,9",,,,
"8,02","22,7","0,9","1,9",,,,
"8,04","22,76","0,9","1,9",,,,
"8,06","22,82","0,9","1,9",,,,
"8,08","22,88","0,9","1,9",,,,
"8,1","22,95","0,9","1,9",,,,
"8,12","23,01","0,9","1,9",,,,
"8,14","23,07","0,9","1,9",,,,
"8,16","23,13","0,9","1,9",,,,
"8,18","23,18","0,9","1,9",,,,
"8,2","23,23","0,9","1,9",,,,
"8,22","23,29","0,9","1,9",,,,
"8,24","23,34","0,9","1,9",,,,
"8,26","23,4","0,9","1,9",,,,
"8,28","23,48","0,9","1,9",,,,
"8,3","23,58","0,8","1,9",,,,
"8,32","23,69","0,8","1,9",,,,
"8,34","23,8","0,8","1,9",,,,
"8,36","23,91","0,8","1,9",,,,
"8,38","24,01","0,8","1,9",,,,
"8,4","24,09","0,8","1,9",,,,
"8,42","24,16","0,8","1,9",,,,
"8,44","24,24","0,8","1,9",,,,
"8,46","24,32","0,8","1,9",,,,
"8,48","24,4","0,8","1,9",,,,
"8,5","24,47","0,8","1,9",,,,
"8,52","24,54","0,8","1,9",,,,
"8,54","24,6","0,8","1,9",,,,
"8,56","24,66","0,8","1,9",,,,
"8,58","24,71","0,8","1,9",,,,
"8,6","24,76","0,8","1,9",,,,
"8,62","24,83","0,8","1,9",,,,
"8,64","24,89","0,8","1,9",,,,
"8,66","24,94","0,8","1,9",,,,
"8,68",25,"0,8","1,9",,,,
"8,7","25,06","0,8","1,9",,,,
"8,72","25,13","0,8","1,9",,,,
"8,74","25,2","0,8","1,9",,,,
"8,76","25,28","0,8","1,9",,,,
"8,78","25,36","0,8","1,9",,,,
"8,8","25,45","0,8","1,9",,,,
"8,82","25,54","0,8","1,9",,,,
"8,84","25,62","0,8","1,9",,,,
"8,86","25,71","0,8","1,9",,,,
"8,88","25,8","0,8","1,9",,,,
"8,9","25,88","0,8","1,9",,,,
"8,92","25,96","0,9","1,9",,,,
"8,94","26,03","0,8","1,9",,,,
"8,96","26,09","0,8","1,9",,,,
"8,98","26,15","0,8","1,9",,,,
9,"26,21","0,8","1,9",,,,
"9,02","26,27","0,9","1,9",,,,
"9,04","26,32","0,9","1,9",,,,
"9,06","26,37","0,9","1,9",,,,
"9,08","26,41","0,9","1,9",,,,
"9,1","26,46","0,9","1,9",,,,
"9,12","26,51","0,9","1,9",,,,
"9,14","26,56","0,9","1,9",,,,
"9,16","26,62","0,9","1,9",,,,
"9,18","26,67","0,9","1,9",,,,
"9,2","26,73","0,8","1,9",,,,
"9,22","26,8","0,9","1,9",,,,
"9,24","26,87","0,8","1,9",,,,
"9,26","26,93","0,9","1,9",,,,
"9,28",27,"0,9","1,9",,,,
"9,3","27,07","0,9","1,9",,,,
"9,32","27,15","0,8","1,9",,,,
"9,34","27,22","0,8","1,9",,,,
"9,36","27,29","0,9","1,9",,,,
"9,38","27,37","0,8","1,9",,,,
"9,4","27,44","0,8","1,9",,,,
"9,42","27,5","0,8","1,9",,,,
"9,44","27,56","0,8","1,9",,,,
"9,46","27,62","0,8","1,9",,,,
"9,48","27,69","0,8","1,9",,,,
"9,5","27,74","0,8","1,9",,,,
"9,52","27,8","0,8","1,9",,,,
"9,54","27,86","0,8","1,9",,,,
"9,56","27,92","0,8","1,9",,,,
"9,58","27,99","0,8","1,9",,,,
"9,6","28,05","0,8","1,9",,,,
"9,62","28,12","0,8","1,9",,,,
"9,64","28,19","0,8","1,9",,,,
"9,66","28,28","0,8","1,9",,,,
"9,68","28,36","0,8","1,9",,,,
"9,7","28,45","0,8","1,9",,,,
"9,72","28,54","0,8","1,9",,,,
"9,74","28,63","0,8","1,9",,,,
"9,76","28,72","0,8","1,9",,,,
"9,78","28,8","0,8","1,9",,,,
"9,8","28,87","0,8","1,9",,,,
"9,82","28,93","0,8","1,9",,,,
"9,84",29,"0,8","1,9",,,,
"9,86","29,08","0,8","1,9",,,,
"9,88","29,16","0,8","1,9",,,,
"9,9","29,24","0,8","1,9",,,,
"9,92","29,31","0,8","1,9",,,,
"9,94","29,37","0,8","1,9",,,,
"9,96","29,42","0,9","1,9",,,,
"9,98","29,46","0,9","1,9",,,,
10,"29,49","0,8","1,9",,,,
"10,02","29,53","0,9","1,9",,,,
"10,04","29,56","0,9","1,9",,,,
"10,06","29,6","0,9","1,9",,,,
"10,08","29,66","0,9","1,9",,,,
"10,1","29,71","0,9","1,9",,,,
"10,12","29,76","0,9","1,9",,,,
"10,14","29,83","0,9","1,9",,,,
"10,16","29,9","0,9","1,9",,,,
"10,18","29,98","0,9","1,9",,,,
"10,2","30,05","0,9","1,9",,,,
"10,22","30,12","0,9","1,9",,,,
"10,24","30,19","0,9","1,9",,,,
"10,26","30,27","0,9","1,9",,,,
"10,28","30,34","0,9","1,9",,,,
"10,3","30,43","0,9","1,9",,,,
"10,32","30,51","0,9","1,9",,,,
"10,34","30,6","0,9","1,9",,,,
"10,36","30,68","0,9","1,9",,,,
"10,38","30,77","0,9","1,9",,,,
"10,4","30,86","0,9","1,9",,,,
"10,42","30,93","0,9","1,9",,,,
"10,44",31,"0,9","1,9",,,,
"10,46","31,07","0,9","1,9",,,,
"10,48","31,13","0,9","1,9",,,,
"10,5","31,19","0,9","1,9",,,,
"10,52","31,25","0,8","1,9",,,,
"10,54","31,31","0,8","1,9",,,,
"10,56","31,37","0,8","1,9",,,,
"10,58","31,42","0,8","1,9",,,,
"10,6","31,48","0,8","1,9",,,,
"10,62","31,53","0,8","1,9",,,,
"10,64","31,59","0,8","1,9",,,,
"10,66","31,64","0,8","1,9",,,,
"10,68","31,7","0,8","1,9",,,,
"10,7","31,75","0,8","1,9",,,,
"10,72","31,81","0,8","1,9",,,,
"10,74","31,87","0,8","1,9",,,,
"10,76","31,93","0,8","1,9",,,,
"10,78",32,"0,8","1,9",,,,
"10,8","32,06","0,8","1,9",,,,
"10,82","32,13","0,8","1,9",,,,
"10,84","32,19","0,8","1,9",,,,
"10,86","32,25","0,8","1,9",,,,
"10,88","32,31","0,8","1,9",,,,
"10,9","32,37","0,8","1,9",,,,
"10,92","32,43","0,8","1,9",,,,
"10,94","32,48","0,8","1,9",,,,
"10,96","32,53","0,8","1,9",,,,
"10,98","32,57","0,8","1,9",,,,
11,"32,6","0,8","1,9",,,,
"11,02","32,64","0,8","1,9",,,,
"11,04","32,67","0,8","1,9",,,,
"11,06","32,71","0,8","1,9",,,,
"11,08","32,75","0,8","1,9",,,,
"11,1","32,8","0,8","1,9",,,,
"11,12","32,87","0,8","1,9",,,,
"11,14","32,94","0,8","1,9",,,,
"11,16","33,03","0,8","1,9",,,,
"11,18","33,12","0,9","1,9",,,,
"11,2","33,22","0,8","1,9",,,,
"11,22","33,33","0,9","1,9",,,,
"11,24","33,44","0,9","1,9",,,,
"11,26","33,54","0,9","1,9",,,,
"11,28","33,64","0,9","1,9",,,,
"11,3","33,71","0,9","1,9",,,,
"11,32","33,76","0,9","1,9",,,,
"11,34","33,8","0,9","1,9",,,,
"11,36","33,83","0,9","1,9",,,,
"11,38","33,9","0,9","1,9",,,,
"11,4","33,98","0,9","1,9",,,,
"11,42","34,09","0,9","1,9",,,,
"11,44","34,22","0,9","1,9",,,,
"11,46","34,34","0,9","1,9",,,,
"11,48","34,44","0,9","1,9",,,,
"11,5","34,54","0,9","1,9",,,,
"11,52","34,61","0,9","1,9",,,,
"11,54","34,68","0,8","1,9",,,,
"11,56","34,74","0,8","1,9",,,,
"11,58","34,79","0,8","1,9",,,,
"11,6","34,84","0,8","1,9",,,,
"11,62","34,9","0,8","1,9",,,,
"11,64","34,96","0,8","1,9",,,,
"11,66","35,02","0,8","1,9",,,,
"11,68","35,08","0,8","1,9",,,,
"11,7","35,15","0,8","1,9",,,,
"11,72","35,24","0,8","1,9",,,,
"11,74","35,33","0,8","1,9",,,,
"11,76","35,42","0,8","1,9",,,,
"11,78","35,52","0,8","1,9",,,,
"11,8","35,63","0,8","1,9",,,,
"11,82","35,73","0,8","1,9",,,,
"11,84","35,84","0,8","1,9",,,,
"11,86","35,95","0,8","1,9",,,,
"11,88","36,06","0,8","1,9",,,,
"11,9","36,17","0,8","1,9",,,,
"11,92","36,28","0,8","1,9",,,,
"11,94","36,39","0,8","1,9",,,,
"11,96","36,49","0,8","1,9",,,,
"11,98","36,59","0,9","1,9",,,,
12,"36,68","0,9","1,9",,,,
"12,02","36,76","0,9","1,9",,,,
"12,04","36,84","0,9","1,9",,,,
"12,06","36,92","0,9","1,9",,,,
"12,08","36,99","0,9","1,9",,,,
"12,1","37,06","0,9","1,9",,,,
"12,12","37,13","0,9","1,9",,,,
"12,14","37,2","0,9","1,9",,,,
"12,16","37,26","0,9","1,9",,,,
"12,18","37,33","0,9",2,,,,
"12,2","37,39","0,9",2,,,,
"12,22","37,43","0,9","1,9",,,,
"12,24","37,49","0,9","1,9",,,,
"12,26","37,54","0,9","1,9",,,,
"12,28","37,59","0,9",2,,,,
"12,3","37,64","0,9","1,9",,,,
"12,32","37,71","0,9",2,,,,
"12,34","37,77","0,9",2,,,,
"12,36","37,84","0,9",2,,,,
"12,38","37,92","0,9","1,9",,,,
"12,4",38,"0,9","1,9",,,,
"12,42","38,08","0,9","1,9",,,,
"12,44","38,17","0,9","1,9",,,,
"12,46","38,25","0,9","1,9",,,,
"12,48","38,33","0,9","1,9",,,,
"12,5","38,43","0,9","1,9",,,,
"12,52","38,51","0,8","1,9",,,,
"12,54","38,6","0,8","1,9",,,,
"12,56","38,69","0,8","1,9",,,,
"12,58","38,77","0,8","1,9",,,,
"12,6","38,85","0,8","1,9",,,,
"12,62","38,91","0,8","1,9",,,,
"12,64","38,97","0,8","1,9",,,,
"12,66","39,04","0,8","1,9",,,,
"12,68","39,1","0,8","1,9",,,,
"12,7","39,17","0,8","1,9",,,,
"12,72","39,24","0,8","1,9",,,,
"12,74","39,3","0,8","1,9",,,,
"12,76","39,36","0,8","1,9",,,,
"12,78","39,42","0,8","1,9",,,,
"12,8","39,48","0,8","1,9",,,,
"12,82","39,54","0,8","1,9",,,,
"12,84","39,6","0,8","1,9",,,,
"12,86","39,65","0,8","1,9",,,,
"12,88","39,72","0,8","1,9",,,,
"12,9","39,8","0,8","1,9",,,,
"12,92","39,86","0,8","1,9",,,,
"12,94","39,93","0,8","1,9",,,,
"12,96","40,01","0,8","1,9",,,,
"12,98","40,09","0,8","1,9",,,,
13,"40,18","0,9","1,9",,,,
"13,02","40,27","0,8","1,9",,,,
"13,04","40,37","0,9","1,9",,,,
"13,06","40,46","0,9","1,9",,,,
"13,08","40,55","0,9","1,9",,,,
"13,1","40,64","0,9","1,9",,,,
"13,12","40,73","0,9",2,,,,
"13,14","40,81","0,9",2,,,,
"13,16","40,9","0,9",2,,,,
"13,18","40,98","0,9",2,,,,
"13,2","41,07","0,9",2,,,,
"13,22","41,15","0,9",2,,,,
"13,24","41,23","0,9",2,,,,
"13,26","41,3","0,9",2,,,,
"13,28","41,37","0,9",2,,,,
"13,3","41,44","0,9",2,,,,
"13,32","41,51","0,9",2,,,,
"13,34","41,58","0,9",2,,,,
"13,36","41,65","0,9",2,,,,
"13,38","41,73","0,9","1,9",,,,
"13,4","41,8","0,9","1,9",,,,
"13,42","41,89","0,9","1,9",,,,
"13,44","41,97","0,9","1,9",,,,
"13,46","42,07","0,9","1,9",,,,
"13,48","42,17","0,9","1,9",,,,
"13,5","42,27","0,8","1,9",,,,
"13,52","42,39","0,8","1,9",,,,
"13,54","42,5","0,8","1,9",,,,
"13,56","42,62","0,8","1,9",,,,
"13,58","42,73","0,8","1,9",,,,
"13,6","42,84","0,8","1,9",,,,
"13,62","42,95","0,8","1,9",,,,
"13,64","43,06","0,8","1,9",,,,
"13,66","43,17","0,8","1,9",,,,
"13,68","43,27","0,8","1,9",,,,
"13,7","43,36","0,8","1,9",,,,
"13,72","43,45","0,8","1,9",,,,
"13,74","43,52","0,8","1,9",,,,
"13,76","43,59","0,9","1,9",,,,
"13,78","43,66","0,9","1,9",,,,
"13,8","43,72","0,9","1,9",,,,
"13,82","43,78","0,9","1,9",,,,
"13,84","43,84","0,9","1,9",,,,
"13,86","43,91","0,9",2,,,,
"13,88","43,98","0,9",2,,,,
"13,9","44,05","0,9",2,,,,
"13,92","44,12","0,9",2,,,,
"13,94","44,19","0,9",2,,,,
"13,96","44,25","0,9",2,,,,
"13,98","44,31","0,9",2,,,,
14,"44,36","0,9",2,,,,
"14,02","44,42",1,2,,,,
"14,04","44,48","0,9",2,,,,
"14,06","44,54","0,9",2,,,,
"14,08","44,6","0,9",2,,,,
"14,1","44,66","0,9",2,,,,
"14,12","44,71","0,9",2,,,,
"14,14","44,77","0,9",2,,,,
"14,16","44,82","0,9",2,,,,
"14,18","44,87","0,9",2,,,,
"14,2","44,93","0,9",2,,,,
"14,22","44,98","0,9",2,,,,
"14,24","45,05","0,9",2,,,,
"14,26","45,11","0,9",2,,,,
"14,28","45,18","0,9",2,,,,
"14,3","45,25","0,9",2,,,,
"14,32","45,32","0,9",2,,,,
"14,34","45,4","0,9",2,,,,
"14,36","45,48","0,9","1,9",,,,
"14,38","45,56","0,9","1,9",,,,
"14,4","45,64","0,9","1,9",,,,
"14,42","45,72","0,9","1,9",,,,
"14,44","45,8","0,9","1,9",,,,
"14,46","45,88","0,8","1,9",,,,
"14,48","45,95","0,8","1,9",,,,
"14,5","46,02","0,8","1,9",,,,
"14,52","46,09","0,8","1,9",,,,
"14,54","46,15","0,8","1,9",,,,
"14,56","46,21","0,8","1,9",,,,
"14,58","46,27","0,8","1,9",,,,
"14,6","46,33","0,8","1,9",,,,
"14,62","46,38","0,8","1,9",,,,
"14,64","46,44","0,8","1,9",,,,
"14,66","46,49","0,8","1,9",,,,
"14,68","46,55","0,8","1,9",,,,
"14,7","46,61","0,8","1,9",,,,
"14,72","46,68","0,8","1,9",,,,
"14,74","46,75","0,8","1,9",,,,
"14,76","46,82","0,8","1,9",,,,
"14,78","46,9","0,8","1,9",,,,
"14,8","46,98","0,8","1,9",,,,
"14,82","47,07","0,8","1,9",,,,
"14,84","47,16","0,9","1,9",,,,
"14,86","47,25","0,9","1,9",,,,
"14,88","47,34","0,9","1,9",,,,
"14,9","47,43","0,9",2,,,,
"14,92","47,52","0,9",2,,,,
"14,94","47,61","0,9",2,,,,
"14,96","47,68","0,9",2,,,,
"14,98","47,76","0,9",2,,,,
15,"47,81","0,9",2,,,,
"15,02","47,84","0,9",2,,,,
"15,04","47,86","0,9",2,,,,
"15,06","47,87",1,2,,,,
"15,08","47,88",1,2,,,,
"15,1","47,89",1,2,,,,
"15,12","47,9","0,9",2,,,,
"15,14","47,92",1,2,,,,
"15,16","47,95",1,2,,,,
"15,18","47,98",1,2,,,,
"15,2","48,03",1,2,,,,
"15,22","48,07",1,2,,,,
"15,24","48,13",1,2,,,,
"15,26","48,19",1,2,,,,
"15,28","48,26",1,2,,,,
"15,3","48,34",1,2,,,,
"15,32","48,43",1,2,,,,
"15,34","48,53",1,2,,,,
"15,36","48,63",1,2,,,,
"15,38","48,75",1,2,,,,
"15,4","48,86",1,2,,,,
"15,42","48,95","0,9",2,,,,
"15,44","49,03","0,9",2,,,,
"15,46","49,11","0,9",2,,,,
"15,48","49,19","0,9",2,,,,
"15,5","49,28","0,9",2,,,,
"15,52","49,37","0,9","1,9",,,,
"15,54","49,46","0,9","1,9",,,,
"15,56","49,56","0,9","1,9",,,,
"15,58","49,65","0,8","1,9",,,,
"15,6","49,75","0,8","1,9",,,,
"15,62","49,84","0,8","1,9",,,,
"15,64","49,93","0,8","1,9",,,,
"15,66","50,01","0,8","1,9",,,,
"15,68","50,09","0,8","1,9",,,,
"15,7","50,16","0,8","1,9",,,,
"15,72","50,23","0,8","1,9",,,,
"15,74","50,31","0,8","1,9",,,,
"15,76","50,39","0,8","1,9",,,,
"15,78","50,47","0,8","1,9",,,,
"15,8","50,55","0,8","1,9",,,,
"15,82","50,64","0,9","1,9",,,,
"15,84","50,73","0,9","1,9",,,,
"15,86","50,81","0,9","1,9",,,,
"15,88","50,91","0,9","1,9",,,,
"15,9",51,"0,9",2,,,,
"15,92","51,1","0,9",2,,,,
"15,94","51,2","0,9",2,,,,
"15,96","51,3",1,2,,,,
"15,98","51,4",1,2,,,,
16,"51,51",1,2,,,,
"16,02","51,61",1,2,,,,
"16,04","51,7",1,2,,,,
"16,06","51,8",1,2,,,,
"16,08","51,9",1,2,,,,
"16,1","51,99",1,2,,,,
"16,12","52,07",1,2,,,,
"16,14","52,15",1,2,,,,
"16,16","52,23",1,2,,,,
"16,18","52,3",1,2,,,,
"16,2","52,37",1,2,,,,
"16,22","52,45",1,2,,,,
"16,24","52,52",1,2,,,,
"16,26","52,59",1,2,,,,
"16,28","52,67",1,2,,,,
"16,3","52,74","0,9",2,,,,
"16,32","52,81","0,9",2,,,,
"16,34","52,88","0,9",2,,,,
"16,36","52,94","0,9",2,,,,
"16,38","52,99","0,9","1,9",,,,
"16,4","53,04","0,9","1,9",,,,
"16,42","53,09","0,9","1,9",,,,
"16,44","53,14","0,9","1,9",,,,
"16,46","53,19","0,8","1,9",,,,
"16,48","53,26","0,8","1,9",,,,
"16,5","53,35","0,8","1,9",,,,
"16,52","53,45","0,8","1,9",,,,
"16,54","53,56","0,8","1,9",,,,
"16,56","53,67","0,8","1,9",,,,
"16,58","53,78","0,8","1,9",,,,
"16,6","53,87","0,8","1,9",,,,
"16,62","53,95","0,8","1,9",,,,
"16,64","54,03","0,8","1,9",,,,
"16,66","54,12","0,8","1,9",,,,
"16,68","54,21","0,9","1,9",,,,
"16,7","54,3","0,9","1,9",,,,
"16,72","54,39","0,9",2,,,,
"16,74","54,48","0,9",2,,,,
"16,76","54,57","0,9",2,,,,
"16,78","54,65",1,2,,,,
"16,8","54,73",1,2,,,,
"16,82","54,81",1,2,,,,
"16,84","54,88",1,2,,,,
"16,86","54,96",1,2,,,,
"16,88","55,04",1,2,,,,
"16,9","55,13","1,1",2,,,,
"16,92","55,23","1,1",2,,,,
"16,94","55,34","1,1",2,,,,
"16,96","55,45","1,1",2,,,,
"16,98","55,57","1,1",2,,,,
17,"55,68","1,1",2,,,,
"17,02","55,8","1,1",2,,,,
"17,04","55,91","1,1",2,,,,
"17,06","56,02",1,2,,,,
"17,08","56,13",1,2,,,,
"17,1","56,24",1,2,,,,
"17,12","56,34",1,2,,,,
"17,14","56,44",1,2,,,,
"17,16","56,54","0,9",2,,,,
"17,18","56,64","0,9",2,,,,
"17,2","56,74","0,9","1,9",,,,
"17,22","56,83","0,9","1,9",,,,
"17,24","56,92","0,8","1,9",,,,
"17,26","57,01","0,8","1,9",,,,
"17,28","57,1","0,8","1,9",,,,
"17,3","57,19","0,8","1,9",,,,
"17,32","57,27","0,8","1,9",,,,
"17,34","57,34","0,8","1,9",,,,
"17,36","57,41","0,8","1,9",,,,
"17,38","57,47","0,8","1,9",,,,
"17,4","57,52","0,8","1,9",,,,
"17,42","57,58","0,8","1,9",,,,
"17,44","57,64","0,8","1,9",,,,
"17,46","57,71","0,8","1,9",,,,
"17,48","57,77","0,9","1,9",,,,
"17,5","57,85","0,9","1,9",,,,
"17,52","57,92","0,9",2,,,,
"17,54",58,"0,9",2,,,,
"17,56","58,08",1,2,,,,
"17,58","58,16",1,2,,,,
"17,6","58,23",1,2,,,,
"17,62","58,29",1,2,,,,
"17,64","58,35","1,1",2,,,,
"17,66","58,41","1,1",2,,,,
"17,68","58,47","1,1",2,,,,
"17,7","58,54","1,1",2,,,,
"17,72","58,62","1,1","2,1",,,,
"17,74","58,69","1,2","2,1",,,,
"17,76","58,76","1,2","2,1",,,,
"17,78","58,83","1,2","2,1",,,,
"17,8","58,89","1,2","2,1",,,,
"17,82","58,95","1,2","2,1",,,,
"17,84",59,"1,2","2,1",,,,
"17,86","59,06","1,2","2,1",,,,
"17,88","59,13","1,2","2,1",,,,
"17,9","59,21","1,2","2,1",,,,
"17,92","59,29","1,3","2,1",,,,
"17,94","59,38","1,2","2,1",,,,
"17,96","59,46","1,2","2,1",,,,
"17,98","59,56","1,2","2,1",,,,
18,"59,64","1,2","2,1",,,,
"18,02","59,72","1,2","2,1",,,,
"18,04","59,81","1,1","2,1",,,,
"18,06","59,91","1,1",2,,,,
"18,08",60,"1,1",2,,,,
"18,1","60,09",1,2,,,,
"18,12","60,19",1,2,,,,
"18,14","60,29","0,9",2,,,,
"18,16","60,39","0,9",2,,,,
"18,18","60,5","0,9","1,9",,,,
"18,2","60,6","0,8","1,9",,,,
"18,22","60,71","0,8","1,9",,,,
"18,24","60,81","0,8","1,9",,,,
"18,26","60,91","0,8","1,9",,,,
"18,28","61,01","0,8","1,9",,,,
"18,3","61,1","0,8","1,9",,,,
"18,32","61,19","0,8","1,9",,,,
"18,34","61,27","0,8","1,9",,,,
"18,36","61,35","0,9","1,9",,,,
"18,38","61,42","0,9","1,9",,,,
"18,4","61,49","0,9",2,,,,
"18,42","61,56","0,9",2,,,,
"18,44","61,62",1,2,,,,
"18,46","61,68",1,2,,,,
"18,48","61,75",1,2,,,,
"18,5","61,81","1,1",2,,,,
"18,52","61,87","1,1",2,,,,
"18,54","61,94","1,2","2,1",,,,
"18,56",62,"1,2","2,1",,,,
"18,58","62,07","1,2","2,1",,,,
"18,6","62,14","1,3","2,1",,,,
"18,62","62,22","1,3","2,1",,,,
"18,64","62,3","1,4","2,1",,,,
"18,66","62,38","1,4","2,1",,,,
"18,68","62,45","1,4","2,2",,,,
"18,7","62,52","1,4","2,2",,,,
"18,72","62,59","1,5","2,2",,,,
"18,74","62,67","1,5","2,2",,,,
"18,76","62,74","1,5","2,2",,,,
"18,78","62,81","1,5","2,2",,,,
"18,8","62,9","1,5","2,2",,,,
"18,82","62,99","1,5","2,2",,,,
"18,84","63,08","1,5","2,2",,,,
"18,86","63,19","1,4","2,2",,,,
"18,88","63,32","1,4","2,1",,,,
"18,9","63,46","1,3","2,1",,,,
"18,92","63,58","1,2","2,1",,,,
"18,94","63,69","1,1","2,1",,,,
"18,96","63,77","1,1",2,,,,
"18,98","63,85","1,1",2,,,,
19,"63,91",1,2,,,,
"19,02","63,98",1,2,,,,
"19,04","64,05","0,9",2,,,,
"19,06","64,14","0,9","1,9",,,,
"19,08","64,23","0,8","1,9",,,,
"19,1","64,31","0,8","1,9",,,,
"19,12","64,38","0,8","1,9",,,,
"19,14","64,46","0,8","1,9",,,,
"19,16","64,55","0,8","1,9",,,,
"19,18","64,63","0,8","1,9",,,,
"19,2","64,71","0,8","1,9",,,,
"19,22","64,79","0,9","1,9",,,,
"19,24","64,88","0,9",2,,,,
"19,26","64,97",1,2,,,,
"19,28","65,06",1,2,,,,
"19,3","65,15","1,1","2,1",,,,
"19,32","65,24","1,2","2,1",,,,
"19,34","65,33","1,3","2,1",,,,
"19,36","65,42","1,4","2,1",,,,
"19,38","65,5","1,5","2,2",,,,
"19,4","65,59","1,6","2,2",,,,
"19,42","65,67","1,7","2,2",,,,
"19,44","65,76","1,8","2,2",,,,
"19,46","65,85","1,9","2,3",,,,
"19,48","65,94",2,"2,3",,,,
"19,5","66,03",2,"2,3",,,,
"19,52","66,12","2,1","2,3",,,,
"19,54","66,22","2,1","2,3",,,,
"19,56","66,32","2,2","2,3",,,,
"19,58","66,42","2,2","2,3",,,,
"19,6","66,53","2,2","2,3",,,,
"19,62","66,64","2,1","2,3",,,,
"19,64","66,76","2,1","2,3",,,,
"19,66","66,88",2,"2,3",,,,
"19,68","66,99","1,9","2,3",,,,
"19,7","67,11","1,8","2,2",,,,
"19,72","67,23","1,7","2,2",,,,
"19,74","67,35","1,6","2,2",,,,
"19,76","67,45","1,4","2,2",,,,
"19,78","67,54","1,3","2,1",,,,
"19,8","67,63","1,3","2,1",,,,
"19,82","67,7","1,2","2,1",,,,
"19,84","67,75","1,2","2,1",,,,
"19,86","67,8","1,1","2,1",,,,
"19,88","67,84","1,1","2,1",,,,
"19,9","67,88","1,1","2,1",,,,
"19,92","67,92","1,1",2,,,,
"19,94","67,96","1,1",2,,,,
"19,96","68,01","1,1",2,,,,
"19,98","68,08","1,1",2,,,,
20,"68,16","1,1",2,,,,
"20,02","68,26","1,1",2,,,,
"20,04","68,37","1,2","2,1",,,,
"20,06","68,5","1,4","2,1",,,,
"20,08","68,62","1,5","2,2",,,,
"20,1","68,73","1,7","2,2",,,,
"20,12","68,83","1,9","2,3",,,,
"20,14","68,91","2,2","2,3",,,,
"20,16","68,98","2,4","2,4",,,,
"20,18","69,05","2,5","2,4",,,,
"20,2","69,13","2,7","2,4",,,,
"20,22","69,21",3,"2,5",,,,
"20,24","69,28","3,2","2,5",,,,
"20,26","69,36","3,5","2,5",,,,
"20,28","69,44","3,8","2,6",,,,
"20,3","69,51","3,9","2,6",,,,
"20,32","69,57","4,1","2,6",,,,
"20,34","69,64","4,4","2,6",,,,
"20,36","69,71","4,5","2,7",,,,
"20,38","69,79","4,7","2,7",,,,
"20,4","69,86","4,8","2,7",,,,
"20,42","69,94",5,"2,7",,,,
"20,44","70,02","5,2","2,7",,,,
"20,46","70,11","5,3","2,7",,,,
"20,48","70,2","5,2","2,7",,,,
"20,5","70,3","5,2","2,7",,,,
"20,52","70,41","5,2","2,7",,,,
"20,54","70,52","5,1","2,7",,,,
"20,56","70,63","4,8","2,7",,,,
"20,58","70,75","4,4","2,6",,,,
"20,6","70,87",4,"2,6",,,,
"20,62","70,99","3,6","2,6",,,,
"20,64","71,09","3,1","2,5",,,,
"20,66","71,2","2,6","2,4",,,,
"20,68","71,31","2,2","2,3",,,,
"20,7","71,43","1,7","2,2",,,,
"20,72","71,55","1,3","2,1",,,,
"20,74","71,66",1,2,,,,
"20,76","71,78","0,9","1,9",,,,
"20,78","71,89","0,9",2,,,,
"20,8","72,01","1,2","2,1",,,,
"20,82","72,11","1,7","2,2",,,,
"20,84","72,21","2,4","2,4",,,,
"20,86","72,3","3,3","2,5",,,,
"20,88","72,39","4,4","2,6",,,,
"20,9","72,47","5,6","2,7",,,,
"20,92","72,54","6,9","2,8",,,,
"20,94","72,62","8,3","2,9",,,,
"20,96","72,7","10,1",3,,,,
"20,98","72,78","12,2","3,1",,,,
21,"72,86","14,3","3,2",,,,
"21,02","72,94","16,4","3,2",,,,
"21,04","73,03","18,8","3,3",,,,
"21,06","73,12","21,8","3,3",,,,
"21,08","73,22","25,3","3,4",,,,
"21,1","73,32","28,9","3,5",,,,
"21,12","73,41","32,7","3,5",,,,
"21,14","73,5","36,7","3,6",,,,
"21,16","73,58",40,"3,6",,,,
"21,18","73,66","43,2","3,6",,,,
"21,2","73,75",47,"3,7",,,,
"21,22","73,83","50,9","3,7",,,,
"21,24","73,91","54,3","3,7",,,,
"21,26",74,"57,9","3,8",,,,
"21,28","74,1","62,5","3,8",,,,
"21,3","74,19",67,"3,8",,,,
"21,32","74,25","69,7","3,8",,,,
"21,34","74,3","70,7","3,8",,,,
"21,36","74,35",72,"3,9",,,,
"21,38","74,41","74,7","3,9",,,,
"21,4","74,48","77,5","3,9",,,,
"21,42","74,55","79,8","3,9",,,,
"21,44","74,62","81,4","3,9",,,,
"21,46","74,69","82,9","3,9",,,,
"21,48","74,78",85,"3,9",,,,
"21,5","74,87","87,4","3,9",,,,
"21,52","74,95","88,7","3,9",,,,
"21,54","75,03","88,9","3,9",,,,
"21,56","75,12","89,4",4,,,,
"21,58","75,2","90,3",4,,,,
"21,6","75,29","90,5",4,,,,
"21,62","75,38","89,7",4,,,,
"21,64","75,46","88,9","3,9",,,,
"21,66","75,54","88,2","3,9",,,,
"21,68","75,62",87,"3,9",,,,
"21,7","75,7","85,5","3,9",,,,
"21,72","75,78",84,"3,9",,,,
"21,74","75,86","82,1","3,9",,,,
"21,76","75,94","79,8","3,9",,,,
"21,78","76,01","77,7","3,9",,,,
"21,8","76,09","75,5","3,9",,,,
"21,82","76,17","72,9","3,9",,,,
"21,84","76,25","69,9","3,8",,,,
"21,86","76,32","66,8","3,8",,,,
"21,88","76,4",64,"3,8",,,,
"21,9","76,48","60,9","3,8",,,,
"21,92","76,56","57,6","3,8",,,,
"21,94","76,64","54,3","3,7",,,,
"21,96","76,72","51,2","3,7",,,,
"21,98","76,8","48,1","3,7",,,,
22,"76,87","44,8","3,7",,,,
"22,02","76,95","41,4","3,6",,,,
"22,04","77,03","38,4","3,6",,,,
"22,06","77,1","35,6","3,6",,,,
"22,08","77,17","32,8","3,5",,,,
"22,1","77,24",30,"3,5",,,,
"22,12","77,31","27,7","3,4",,,,
"22,14","77,37","25,6","3,4",,,,
"22,16","77,43","23,7","3,4",,,,
"22,18","77,49","21,8","3,3",,,,
"22,2","77,55","20,1","3,3",,,,
"22,22","77,6","18,5","3,3",,,,
"22,24","77,66",17,"3,2",,,,
"22,26","77,72","15,5","3,2",,,,
"22,28","77,78","13,8","3,1",,,,
"22,3","77,85","12,3","3,1",,,,
"22,32","77,93","10,9",3,,,,
"22,34","78,01","9,2",3,,,,
"22,36","78,1","7,4","2,9",,,,
"22,38","78,19","5,9","2,8",,,,
"22,4","78,3","4,7","2,7",,,,
"22,42","78,41","3,4","2,5",,,,
"22,44","78,53","2,2","2,3",,,,
"22,46","78,64","1,5","2,2",,,,
"22,48","78,76","1,2","2,1",,,,
"22,5","78,87","0,9","1,9",,,,
"22,52","78,96","0,8","1,9",,,,
"22,54","79,04","0,9","1,9",,,,
"22,56","79,13",1,2,,,,
"22,58","79,22","1,2","2,1",,,,
"22,6","79,32","1,4","2,2",,,,
"22,62","79,43","1,8","2,3",,,,
"22,64","79,55","2,4","2,4",,,,
"22,66","79,65","2,8","2,5",,,,
"22,68","79,75","3,2","2,5",,,,
"22,7","79,85","3,6","2,6",,,,
"22,72","79,93","3,9","2,6",,,,
"22,74",80,"4,2","2,6",,,,
"22,76","80,08","4,4","2,6",,,,
"22,78","80,15","4,6","2,7",,,,
"22,8","80,23","4,7","2,7",,,,
"22,82","80,32","4,9","2,7",,,,
"22,84","80,39","4,9","2,7",,,,
"22,86","80,47",5,"2,7",,,,
"22,88","80,55",5,"2,7",,,,
"22,9","80,62","4,9","2,7",,,,
"22,92","80,7","4,8","2,7",,,,
"22,94","80,78","4,7","2,7",,,,
"22,96","80,87","4,6","2,7",,,,
"22,98","80,95","4,4","2,6",,,,
23,"81,03","4,1","2,6",,,,
"23,02","81,11","3,9","2,6",,,,
"23,04","81,18","3,7","2,6",,,,
"23,06","81,26","3,5","2,5",,,,
"23,08","81,35","3,2","2,5",,,,
"23,1","81,44","2,9","2,5",,,,
"23,12","81,53","2,6","2,4",,,,
"23,14","81,62","2,3","2,4",,,,
"23,16","81,72",2,"2,3",,,,
"23,18","81,82","1,8","2,2",,,,
"23,2","81,92","1,5","2,2",,,,
"23,22","82,03","1,3","2,1",,,,
"23,24","82,14","1,1",2,,,,
"23,26","82,25","0,9",2,,,,
"23,28","82,36","0,8","1,9",,,,
"23,3","82,47","0,8","1,9",,,,
"23,32","82,58","0,8","1,9",,,,
"23,34","82,69","0,8","1,9",,,,
"23,36","82,79","0,9","1,9",,,,
"23,38","82,9",1,2,,,,
"23,4","83,02","1,1",2,,,,
"23,42","83,14","1,2","2,1",,,,
"23,44","83,28","1,4","2,2",,,,
"23,46","83,43","1,6","2,2",,,,
"23,48","83,6","1,8","2,3",,,,
"23,5","83,75",2,"2,3",,,,
"23,52","83,89","2,1","2,3",,,,
"23,54","84,01","2,2","2,3",,,,
"23,56","84,12","2,2","2,3",,,,
"23,58","84,23","2,2","2,3",,,,
"23,6","84,35","2,1","2,3",,,,
"23,62","84,48","2,1","2,3",,,,
"23,64","84,6",2,"2,3",,,,
"23,66","84,73","1,8","2,3",,,,
"23,68","84,86","1,7","2,2",,,,
"23,7","84,99","1,6","2,2",,,,
"23,72","85,12","1,4","2,2",,,,
"23,74","85,25","1,3","2,1",,,,
"23,76","85,37","1,1","2,1",,,,
"23,78","85,5",1,2,,,,
"23,8","85,61","0,9",2,,,,
"23,82","85,74","0,9","1,9",,,,
"23,84","85,86","0,8","1,9",,,,
"23,86","85,98","0,8","1,9",,,,
"23,88","86,11","0,8","1,9",,,,
"23,9","86,23","0,8","1,9",,,,
"23,92","86,35","0,8","1,9",,,,
"23,94","86,48","0,9","1,9",,,,
"23,96","86,6","0,9",2,,,,
"23,98","86,72",1,2,,,,
24,"86,84","1,1",2,,,,
"24,02","86,96","1,2","2,1",,,,
"24,04","87,08","1,2","2,1",,,,
"24,06","87,19","1,3","2,1",,,,
"24,08","87,31","1,3","2,1",,,,
"24,1","87,42","1,4","2,1",,,,
"24,12","87,52","1,4","2,2",,,,
"24,14","87,61","1,5","2,2",,,,
"24,16","87,69","1,5","2,2",,,,
"24,18","87,76","1,5","2,2",,,,
"24,2","87,82","1,5","2,2",,,,
"24,22","87,87","1,5","2,2",,,,
"24,24","87,91","1,5","2,2",,,,
"24,26","87,95","1,5","2,2",,,,
"24,28","87,98","1,4","2,2",,,,
"24,3","88,02","1,4","2,2",,,,
"24,32","88,07","1,4","2,2",,,,
"24,34","88,13","1,4","2,2",,,,
"24,36","88,22","1,4","2,1",,,,
"24,38","88,32","1,4","2,1",,,,
"24,4","88,45","1,3","2,1",,,,
"24,42","88,6","1,2","2,1",,,,
"24,44","88,75","1,1","2,1",,,,
"24,46","88,9",1,2,,,,
"24,48",89,1,2,,,,
"24,5","89,09","0,9",2,,,,
"24,52","89,18","0,9",2,,,,
"24,54","89,27","0,9","1,9",,,,
"24,56","89,39","0,8","1,9",,,,
"24,58","89,51","0,8","1,9",,,,
"24,6","89,61","0,8","1,9",,,,
"24,62","89,71","0,8","1,9",,,,
"24,64","89,82","0,8","1,9",,,,
"24,66","89,92","0,8","1,9",,,,
"24,68","90,02","0,8","1,9",,,,
"24,7","90,11","0,8","1,9",,,,
"24,72","90,2","0,8","1,9",,,,
"24,74","90,29","0,9","1,9",,,,
"24,76","90,38","0,9",2,,,,
"24,78","90,47","0,9",2,,,,
"24,8","90,56",1,2,,,,
"24,82","90,66",1,2,,,,
"24,84","90,76",1,2,,,,
"24,86","90,86","1,1",2,,,,
"24,88","90,97","1,1",2,,,,
"24,9","91,09","1,1","2,1",,,,
"24,92","91,2","1,2","2,1",,,,
"24,94","91,31","1,2","2,1",,,,
"24,96","91,43","1,2","2,1",,,,
"24,98","91,55","1,2","2,1",,,,
25,"91,67","1,2","2,1",,,,
"25,02","91,79","1,2","2,1",,,,
"25,04","91,91","1,1","2,1",,,,
"25,06","92,04","1,1",2,,,,
"25,08","92,16","1,1",2,,,,
"25,1","92,29",1,2,,,,
"25,12","92,42",1,2,,,,
"25,14","92,56","0,9",2,,,,
"25,16","92,69","0,9","1,9",,,,
"25,18","92,81","0,9","1,9",,,,
"25,2","92,93","0,8","1,9",,,,
"25,22","93,04","0,8","1,9",,,,
"25,24","93,15","0,8","1,9",,,,
"25,26","93,26","0,8","1,9",,,,
"25,28","93,36","0,8","1,9",,,,
"25,3","93,47","0,8","1,9",,,,
"25,32","93,58","0,8","1,9",,,,
"25,34","93,71","0,8","1,9",,,,
"25,36","93,85","0,8","1,9",,,,
"25,38","93,98","0,8","1,9",,,,
"25,4","94,1","0,9","1,9",,,,
"25,42","94,22","0,9",2,,,,
"25,44","94,34","0,9",2,,,,
"25,46","94,46","0,9",2,,,,
"25,48","94,56",1,2,,,,
"25,5","94,67",1,2,,,,
"25,52","94,79",1,2,,,,
"25,54","94,91",1,2,,,,
"25,56","95,03",1,2,,,,
"25,58","95,15",1,2,,,,
"25,6","95,27",1,2,,,,
"25,62","95,39",1,2,,,,
"25,64","95,51",1,2,,,,
"25,66","95,63",1,2,,,,
"25,68","95,75","0,9",2,,,,
"25,7","95,86","0,9","1,9",,,,
"25,72","95,98","0,9","1,9",,,,
"25,74","96,09","0,9","1,9",,,,
"25,76","96,2","0,8","1,9",,,,
"25,78","96,32","0,8","1,9",,,,
"25,8","96,43","0,8","1,9",,,,
"25,82","96,55","0,8","1,9",,,,
"25,84","96,67","0,8","1,9",,,,
"25,86","96,79","0,8","1,9",,,,
"25,88","96,91","0,8","1,9",,,,
"25,9","97,03","0,8","1,9",,,,
"25,92","97,14","0,8","1,9",,,,
"25,94","97,26","0,8","1,9",,,,
"25,96","97,37","0,8","1,9",,,,
"25,98","97,48","0,9","1,9",,,,
26,"97,58","0,9","1,9",,,,
"26,02","97,68","0,9","1,9",,,,
"26,04","97,76","0,9","1,9",,,,
"26,06","97,84","0,9",2,,,,
"26,08","97,92","0,9",2,,,,
"26,1","97,98","0,9",2,,,,
"26,12","98,03","0,9",2,,,,
"26,14","98,08","0,9",2,,,,
"26,16","98,12","0,9",2,,,,
"26,18","98,16","0,9",2,,,,
"26,2","98,21","0,9",2,,,,
"26,22","98,26","0,9",2,,,,
"26,24","98,32","0,9",2,,,,
"26,26","98,39",1,2,,,,
"26,28","98,48",1,2,,,,
"26,3","98,57",1,2,,,,
"26,32","98,67",1,2,,,,
"26,34","98,76",1,2,,,,
"26,36","98,85","0,9",2,,,,
"26,38","98,92","0,9",2,,,,
"26,4","98,99","0,9",2,,,,
"26,42","99,07","0,9",2,,,,
"26,44","99,16","0,9",2,,,,
"26,46","99,26","0,9",2,,,,
"26,48","99,36","0,9",2,,,,
"26,5","99,46","0,9","1,9",,,,
"26,52","99,54","0,9","1,9",,,,
"26,54","99,61","0,8","1,9",,,,
"26,56","99,69","0,8","1,9",,,,
"26,58","99,76","0,8","1,9",,,,
"26,6","99,84","0,8","1,9",,,,
"26,62","99,91","0,8","1,9",,,,
"26,64","99,99","0,8","1,9",,,,
"26,66","100,06","0,8","1,9",,,,
"26,68","100,13","0,8","1,9",,,,
"26,7","100,21","0,8","1,9",,,,
"26,72","100,29","0,8","1,9",,,,
"26,74","100,37","0,8","1,9",,,,
"26,76","100,46","0,8","1,9",,,,
"26,78","100,54","0,7","1,9",,,,
"26,8","100,63","0,7","1,9",,,,
"26,82","100,73","0,8","1,9",,,,
"26,84","100,82","0,7","1,9",,,,
"26,86","100,92","0,7","1,9",,,,
"26,88","101,02","0,8","1,9",,,,
"26,9","101,13","0,8","1,9",,,,
"26,92","101,24","0,8","1,9",,,,
"26,94","101,34","0,8","1,9",,,,
"26,96","101,45","0,8","1,9",,,,
"26,98","101,55","0,8","1,9",,,,
27,"101,64","0,8","1,9",,,,
"27,02","101,73","0,8","1,9",,,,
"27,04","101,8","0,9","1,9",,,,
"27,06","101,87","0,9","1,9",,,,
"27,08","101,94","0,9","1,9",,,,
"27,1",102,"0,9","1,9",,,,
"27,12","102,06","0,9","1,9",,,,
"27,14","102,11","0,9","1,9",,,,
"27,16","102,17","0,9",2,,,,
"27,18","102,24","0,9","1,9",,,,
"27,2","102,3","0,9","1,9",,,,
"27,22","102,37","0,9",2,,,,
"27,24","102,44","0,9","1,9",,,,
"27,26","102,52","0,9","1,9",,,,
"27,28","102,6","0,9","1,9",,,,
"27,3","102,69","0,9","1,9",,,,
"27,32","102,79","0,9","1,9",,,,
"27,34","102,9","0,9","1,9",,,,
"27,36","103,01","0,8","1,9",,,,
"27,38","103,13","0,8","1,9",,,,
"27,4","103,24","0,8","1,9",,,,
"27,42","103,34","0,8","1,9",,,,
"27,44","103,42","0,8","1,9",,,,
"27,46","103,49","0,8","1,9",,,,
"27,48","103,53","0,8","1,9",,,,
"27,5","103,58","0,8","1,9",,,,
"27,52","103,63","0,8","1,9",,,,
"27,54","103,7","0,8","1,9",,,,
"27,56","103,8","0,8","1,9",,,,
"27,58","103,92","0,7","1,9",,,,
"27,6","104,05","0,7","1,9",,,,
"27,62","104,18","0,7","1,9",,,,
"27,64","104,3","0,7","1,9",,,,
"27,66","104,42","0,8","1,9",,,,
"27,68","104,55","0,8","1,9",,,,
"27,7","104,69","0,8","1,9",,,,
"27,72","104,82","0,8","1,9",,,,
"27,74","104,94","0,8","1,9",,,,
"27,76","105,06","0,8","1,9",,,,
"27,78","105,18","0,8","1,9",,,,
"27,8","105,31","0,8","1,9",,,,
"27,82","105,44","0,8","1,9",,,,
"27,84","105,57","0,9","1,9",,,,
"27,86","105,71","0,9","1,9",,,,
"27,88","105,84","0,9","1,9",,,,
"27,9","105,97","0,9","1,9",,,,
"27,92","106,1","0,9","1,9",,,,
"27,94","106,24","0,9","1,9",,,,
"27,96","106,37","0,8","1,9",,,,
"27,98","106,51","0,8","1,9",,,,
28,"106,65","0,8","1,9",,,,
"28,02","106,79","0,8","1,9",,,,
"28,04","106,93","0,8","1,9",,,,
"28,06","107,08","0,8","1,9",,,,
"28,08","107,24","0,7","1,9",,,,
"28,1","107,39","0,7","1,9",,,,
"28,12","107,55","0,7","1,9",,,,
"28,14","107,71","0,7","1,9",,,,
"28,16","107,86","0,7","1,9",,,,
"28,18","107,99","0,7","1,9",,,,
"28,2","108,11","0,7","1,9",,,,
"28,22","108,21","0,7","1,9",,,,
"28,24","108,29","0,7","1,9",,,,
"28,26","108,35","0,7","1,9",,,,
"28,28","108,4","0,7","1,9",,,,
"28,3","108,44","0,8","1,9",,,,
"28,32","108,5","0,8","1,9",,,,
"28,34","108,55","0,7","1,9",,,,
"28,36","108,61","0,8","1,9",,,,
"28,38","108,68","0,8","1,9",,,,
"28,4","108,76","0,8","1,9",,,,
"28,42","108,84","0,8","1,9",,,,
"28,44","108,9","0,8","1,9",,,,
"28,46","108,96","0,8","1,9",,,,
"28,48","109,01","0,8","1,9",,,,
"28,5","109,08","0,8","1,9",,,,
"28,52","109,15","0,8","1,9",,,,
"28,54","109,24","0,8","1,9",,,,
"28,56","109,33","0,8","1,9",,,,
"28,58","109,42","0,8","1,9",,,,
"28,6","109,5","0,8","1,9",,,,
"28,62","109,59","0,8","1,9",,,,
"28,64","109,68","0,8","1,9",,,,
"28,66","109,77","0,8","1,9",,,,
"28,68","109,85","0,8","1,9",,,,
"28,7","109,93","0,8","1,9",,,,
"28,72","110,01","0,8","1,9",,,,
"28,74","110,09","0,8","1,9",,,,
"28,76","110,16","0,8","1,9",,,,
"28,78","110,24","0,8","1,9",,,,
"28,8","110,33","0,8","1,9",,,,
"28,82","110,4","0,8","1,9",,,,
"28,84","110,48","0,8","1,9",,,,
"28,86","110,56","0,7","1,9",,,,
"28,88","110,64","0,7","1,9",,,,
"28,9","110,71","0,7","1,9",,,,
"28,92","110,79","0,7","1,9",,,,
"28,94","110,87","0,7","1,9",,,,
"28,96","110,94","0,7","1,9",,,,
"28,98","111,02","0,7","1,9",,,,
29,"111,09","0,7","1,9",,,,
"29,02","111,17","0,7","1,9",,,,
"29,04","111,24","0,7","1,9",,,,
"29,06","111,32","0,7","1,8",,,,
"29,08","111,4","0,7","1,9",,,,
"29,1","111,47","0,7","1,8",,,,
"29,12","111,55","0,7","1,9",,,,
"29,14","111,63","0,7","1,9",,,,
"29,16","111,71","0,7","1,9",,,,
"29,18","111,79","0,7","1,9",,,,
"29,2","111,88","0,7","1,9",,,,
"29,22","111,96","0,7","1,9",,,,
"29,24","112,05","0,7","1,9",,,,
"29,26","112,14","0,8","1,9",,,,
"29,28","112,23","0,8","1,9",,,,
"29,3","112,34","0,8","1,9",,,,
"29,32","112,44","0,8","1,9",,,,
"29,34","112,54","0,8","1,9",,,,
"29,36","112,62","0,8","1,9",,,,
"29,38","112,71","0,8","1,9",,,,
"29,4","112,79","0,8","1,9",,,,
"29,42","112,87","0,8","1,9",,,,
"29,44","112,94","0,8","1,9",,,,
"29,46",113,"0,8","1,9",,,,
"29,48","113,07","0,8","1,9",,,,
"29,5","113,16","0,8","1,9",,,,
"29,52","113,25","0,8","1,9",,,,
"29,54","113,34","0,8","1,9",,,,
"29,56","113,44","0,8","1,9",,,,
"29,58","113,56","0,8","1,9",,,,
"29,6","113,71","0,8","1,9",,,,
"29,62","113,86","0,7","1,9",,,,
"29,64","113,99","0,7","1,9",,,,
"29,66","114,1","0,7","1,9",,,,
"29,68","114,2","0,7","1,9",,,,
"29,7","114,29","0,7","1,9",,,,
"29,72","114,39","0,7","1,8",,,,
"29,74","114,49","0,7","1,9",,,,
"29,76","114,59","0,7","1,8",,,,
"29,78","114,68","0,7","1,8",,,,
"29,8","114,78","0,7","1,8",,,,
"29,82","114,9","0,7","1,8",,,,
"29,84","115,01","0,7","1,9",,,,
"29,86","115,13","0,7","1,8",,,,
"29,88","115,25","0,7","1,9",,,,
"29,9","115,38","0,7","1,9",,,,
"29,92","115,52","0,7","1,9",,,,
"29,94","115,66","0,7","1,9",,,,
"29,96","115,8","0,7","1,9",,,,
"29,98","115,95","0,8","1,9",,,,
30,"116,1","0,8","1,9",,,,
"30,02","116,24","0,8","1,9",,,,
"30,04","116,39","0,8","1,9",,,,
"30,06","116,55","0,8","1,9",,,,
"30,08","116,71","0,8","1,9",,,,
"30,1","116,87","0,8","1,9",,,,
"30,12","117,04","0,8","1,9",,,,
"30,14","117,2","0,8","1,9",,,,
"30,16","117,37","0,7","1,9",,,,
"30,18","117,54","0,7","1,9",,,,
"30,2","117,71","0,7","1,9",,,,
"30,22","117,86","0,7","1,9",,,,
"30,24",118,"0,7","1,9",,,,
"30,26","118,12","0,7","1,9",,,,
"30,28","118,22","0,7","1,9",,,,
"30,3","118,31","0,7","1,8",,,,
"30,32","118,41","0,7","1,8",,,,
"30,34","118,52","0,7","1,8",,,,
"30,36","118,65","0,7","1,8",,,,
"30,38","118,82","0,7","1,8",,,,
"30,4","119,01","0,7","1,8",,,,
"30,42","119,19","0,7","1,9",,,,
"30,44","119,33","0,7","1,9",,,,
"30,46","119,45","0,7","1,9",,,,
"30,48","119,56","0,7","1,9",,,,
"30,5","119,66","0,7","1,9",,,,
"30,52","119,77","0,7","1,9",,,,
"30,54","119,87","0,7","1,9",,,,
"30,56","119,97","0,7","1,9",,,,
"30,58","120,06","0,7","1,9",,,,
"30,6","120,15","0,7","1,9",,,,
"30,62","120,23","0,8","1,9",,,,
"30,64","120,3","0,8","1,9",,,,
"30,66","120,37","0,8","1,9",,,,
"30,68","120,43","0,8","1,9",,,,
"30,7","120,5","0,7","1,9",,,,
"30,72","120,56","0,8","1,9",,,,
"30,74","120,62","0,8","1,9",,,,
"30,76","120,69","0,7","1,9",,,,
"30,78","120,76","0,7","1,9",,,,
"30,8","120,85","0,7","1,9",,,,
"30,82","120,93","0,7","1,9",,,,
"30,84","121,02","0,7","1,9",,,,
"30,86","121,12","0,7","1,9",,,,
"30,88","121,23","0,7","1,9",,,,
"30,9","121,33","0,7","1,9",,,,
"30,92","121,44","0,7","1,8",,,,
"30,94","121,55","0,7","1,8",,,,
"30,96","121,66","0,7","1,8",,,,
"30,98","121,77","0,7","1,8",,,,
31,"121,89","0,7","1,8",,,,
"31,02",122,"0,7","1,8",,,,
"31,04","122,12","0,7","1,8",,,,
"31,06","122,23","0,7","1,8",,,,
"31,08","122,35","0,7","1,8",,,,
"31,1","122,46","0,7","1,8",,,,
"31,12","122,57","0,7","1,8",,,,
"31,14","122,67","0,7","1,8",,,,
"31,16","122,77","0,7","1,9",,,,
"31,18","122,84","0,7","1,9",,,,
"31,2","122,91","0,7","1,9",,,,
"31,22","122,97","0,7","1,9",,,,
"31,24","123,02","0,7","1,9",,,,
"31,26","123,08","0,7","1,9",,,,
"31,28","123,14","0,7","1,9",,,,
"31,3","123,21","0,7","1,9",,,,
"31,32","123,3","0,7","1,9",,,,
"31,34","123,4","0,7","1,9",,,,
"31,36","123,51","0,7","1,9",,,,
"31,38","123,61","0,7","1,9",,,,
"31,4","123,71","0,7","1,9",,,,
"31,42","123,8","0,7","1,9",,,,
"31,44","123,88","0,7","1,9",,,,
"31,46","123,95","0,7","1,9",,,,
"31,48","124,03","0,7","1,9",,,,
"31,5","124,12","0,7","1,9",,,,
"31,52","124,22","0,7","1,9",,,,
"31,54","124,31","0,7","1,9",,,,
"31,56","124,42","0,7","1,9",,,,
"31,58","124,54","0,7","1,9",,,,
"31,6","124,65","0,7","1,9",,,,
"31,62","124,75","0,7","1,9",,,,
"31,64","124,86","0,7","1,8",,,,
"31,66","124,97","0,7","1,8",,,,
"31,68","125,09","0,7","1,8",,,,
"31,7","125,21","0,7","1,8",,,,
"31,72","125,33","0,7","1,8",,,,
"31,74","125,46","0,7","1,8",,,,
"31,76","125,6","0,7","1,8",,,,
"31,78","125,74","0,7","1,8",,,,
"31,8","125,88","0,7","1,8",,,,
"31,82","126,01","0,7","1,8",,,,
"31,84","126,15","0,7","1,9",,,,
"31,86","126,29","0,7","1,8",,,,
"31,88","126,42","0,7","1,9",,,,
"31,9","126,55","0,7","1,9",,,,
"31,92","126,69","0,7","1,9",,,,
"31,94","126,82","0,7","1,9",,,,
"31,96","126,94","0,7","1,9",,,,
"31,98","127,07","0,7","1,9",,,,
32,"127,2","0,7","1,9",,,,
"32,02","127,32","0,7","1,9",,,,
"32,04","127,45","0,7","1,9",,,,
"32,06","127,57","0,7","1,9",,,,
"32,08","127,69","0,7","1,9",,,,
"32,1","127,81","0,7","1,9",,,,
"32,12","127,91","0,7","1,9",,,,
"32,14","128,01","0,7","1,9",,,,
"32,16","128,1","0,7","1,9",,,,
"32,18","128,18","0,7","1,9",,,,
"32,2","128,27","0,7","1,9",,,,
"32,22","128,36","0,7","1,9",,,,
"32,24","128,47","0,7","1,9",,,,
"32,26","128,59","0,7","1,9",,,,
"32,28","128,72","0,7","1,8",,,,
"32,3","128,85","0,7","1,8",,,,
"32,32","128,98","0,7","1,8",,,,
"32,34","129,09","0,7","1,8",,,,
"32,36","129,17","0,7","1,8",,,,
"32,38","129,23","0,7","1,8",,,,
"32,4","129,3","0,7","1,8",,,,
"32,42","129,36","0,7","1,8",,,,
"32,44","129,43","0,7","1,8",,,,
"32,46","129,5","0,7","1,8",,,,
"32,48","129,55","0,7","1,8",,,,
"32,5","129,6","0,7","1,8",,,,
"32,52","129,66","0,7","1,8",,,,
"32,54","129,73","0,7","1,8",,,,
"32,56","129,8","0,7","1,8",,,,
"32,58","129,87","0,7","1,8",,,,
"32,6","129,95","0,7","1,8",,,,
"32,62","130,04","0,7","1,8",,,,
"32,64","130,14","0,7","1,8",,,,
"32,66","130,23","0,7","1,8",,,,
"32,68","130,32","0,7","1,8",,,,
"32,7","130,43","0,7","1,8",,,,
"32,72","130,54","0,7","1,9",,,,
"32,74","130,65","0,7","1,9",,,,
"32,76","130,76","0,7","1,9",,,,
"32,78","130,87","0,7","1,9",,,,
"32,8","130,98","0,7","1,9",,,,
"32,82","131,09","0,7","1,9",,,,
"32,84","131,19","0,7","1,9",,,,
"32,86","131,28","0,7","1,9",,,,
"32,88","131,38","0,7","1,9",,,,
"32,9","131,47","0,7","1,9",,,,
"32,92","131,56","0,7","1,9",,,,
"32,94","131,65","0,7","1,9",,,,
"32,96","131,74","0,7","1,9",,,,
"32,98","131,83","0,7","1,9",,,,
33,"131,92","0,7","1,9",,,,
"33,02","132,02","0,7","1,9",,,,
"33,04","132,11","0,7","1,9",,,,
"33,06","132,22","0,7","1,9",,,,
"33,08","132,32","0,7","1,9",,,,
"33,1","132,43","0,7","1,9",,,,
"33,12","132,54","0,7","1,8",,,,
"33,14","132,66","0,7","1,8",,,,
"33,16","132,78","0,7","1,8",,,,
"33,18","132,9","0,7","1,8",,,,
"33,2","133,02","0,7","1,8",,,,
"33,22","133,15","0,7","1,8",,,,
"33,24","133,29","0,7","1,8",,,,
"33,26","133,43","0,7","1,8",,,,
"33,28","133,58","0,7","1,8",,,,
"33,3","133,74","0,7","1,8",,,,
"33,32","133,87","0,7","1,9",,,,
"33,34","133,98","0,7","1,9",,,,
"33,36","134,07","0,7","1,9",,,,
"33,38","134,16","0,7","1,9",,,,
"33,4","134,26","0,7","1,9",,,,
"33,42","134,38","0,7","1,9",,,,
"33,44","134,51","0,7","1,9",,,,
"33,46","134,65","0,7","1,9",,,,
"33,48","134,79","0,8","1,9",,,,
"33,5","134,92","0,7","1,9",,,,
"33,52","135,06","0,7","1,9",,,,
"33,54","135,2","0,7","1,9",,,,
"33,56","135,33","0,7","1,9",,,,
"33,58","135,45","0,7","1,8",,,,
"33,6","135,57","0,7","1,8",,,,
"33,62","135,69","0,7","1,9",,,,
"33,64","135,81","0,7","1,8",,,,
"33,66","135,92","0,7","1,8",,,,
"33,68","136,05","0,7","1,8",,,,
"33,7","136,17","0,7","1,8",,,,
"33,72","136,3","0,7","1,8",,,,
"33,74","136,42","0,7","1,8",,,,
"33,76","136,55","0,7","1,8",,,,
"33,78","136,69","0,7","1,8",,,,
"33,8","136,84","0,7","1,8",,,,
"33,82","136,98","0,7","1,8",,,,
"33,84","137,13","0,7","1,8",,,,
"33,86","137,29","0,7","1,8",,,,
"33,88","137,44","0,7","1,8",,,,
"33,9","137,59","0,7","1,9",,,,
"33,92","137,73","0,7","1,9",,,,
"33,94","137,85","0,7","1,9",,,,
"33,96","137,96","0,7","1,9",,,,
"33,98","138,05","0,7","1,9",,,,
34,"138,13","0,7","1,9",,,,
"34,02","138,19","0,7","1,9",,,,
"34,04","138,25","0,7","1,8",,,,
"34,06","138,3","0,7","1,9",,,,
"34,08","138,37","0,7","1,9",,,,
"34,1","138,45","0,7","1,9",,,,
"34,12","138,54","0,7","1,9",,,,
"34,14","138,64","0,7","1,9",,,,
"34,16","138,74","0,7","1,9",,,,
"34,18","138,83","0,7","1,9",,,,
"34,2","138,91","0,7","1,9",,,,
"34,22","138,97","0,7","1,9",,,,
"34,24","139,03","0,7","1,9",,,,
"34,26","139,11","0,7","1,9",,,,
"34,28","139,22","0,7","1,9",,,,
"34,3","139,34","0,7","1,9",,,,
"34,32","139,45","0,7","1,8",,,,
"34,34","139,56","0,7","1,8",,,,
"34,36","139,67","0,7","1,8",,,,
"34,38","139,78","0,7","1,8",,,,
"34,4","139,89","0,7","1,8",,,,
"34,42","140,01","0,7","1,8",,,,
"34,44","140,12","0,7","1,8",,,,
"34,46","140,23","0,7","1,8",,,,
"34,48","140,34","0,7","1,8",,,,
"34,5","140,45","0,7","1,8",,,,
"34,52","140,57","0,7","1,8",,,,
"34,54","140,69","0,7","1,8",,,,
"34,56","140,81","0,7","1,8",,,,
"34,58","140,93","0,7","1,8",,,,
"34,6","141,05","0,7","1,8",,,,
"34,62","141,17","0,7","1,8",,,,
"34,64","141,29","0,7","1,8",,,,
"34,66","141,4","0,7","1,9",,,,
"34,68","141,52","0,7","1,9",,,,
"34,7","141,65","0,7","1,9",,,,
"34,72","141,77","0,7","1,9",,,,
"34,74","141,89","0,7","1,9",,,,
"34,76","142,02","0,7","1,9",,,,
"34,78","142,14","0,7","1,9",,,,
"34,8","142,26","0,7","1,9",,,,
"34,82","142,37","0,7","1,8",,,,
"34,84","142,48","0,7","1,8",,,,
"34,86","142,6","0,7","1,8",,,,
"34,88","142,71","0,7","1,8",,,,
"34,9","142,84","0,7","1,8",,,,
"34,92","142,97","0,7","1,8",,,,
"34,94","143,11","0,7","1,8",,,,
"34,96","143,26","0,7","1,8",,,,
"34,98","143,43","0,7","1,8",,,,
35,"143,61","0,7","1,8",,,,
"35,02","143,77","0,7","1,8",,,,
"35,04","143,9","0,7","1,8",,,,
"35,06","144,01","0,7","1,8",,,,
"35,08","144,11","0,7","1,8",,,,
"35,1","144,21","0,7","1,8",,,,
"35,12","144,31","0,7","1,8",,,,
"35,14","144,43","0,7","1,8",,,,
"35,16","144,55","0,7","1,8",,,,
"35,18","144,65","0,7","1,8",,,,
"35,2","144,75","0,7","1,8",,,,
"35,22","144,84","0,7","1,8",,,,
"35,24","144,92","0,7","1,8",,,,
"35,26",145,"0,7","1,8",,,,
"35,28","145,07","0,7","1,9",,,,
"35,3","145,14","0,7","1,9",,,,
"35,32","145,21","0,7","1,9",,,,
"35,34","145,29","0,7","1,9",,,,
"35,36","145,37","0,7","1,9",,,,
"35,38","145,46","0,7","1,9",,,,
"35,4","145,56","0,7","1,9",,,,
"35,42","145,67","0,7","1,8",,,,
"35,44","145,78","0,7","1,9",,,,
"35,46","145,9","0,7","1,9",,,,
"35,48","146,01","0,7","1,8",,,,
"35,5","146,14","0,7","1,9",,,,
"35,52","146,27","0,7","1,8",,,,
"35,54","146,41","0,7","1,8",,,,
"35,56","146,56","0,7","1,8",,,,
"35,58","146,71","0,7","1,8",,,,
"35,6","146,86","0,7","1,8",,,,
"35,62","147,02","0,7","1,8",,,,
"35,64","147,17","0,7","1,8",,,,
"35,66","147,33","0,7","1,8",,,,
"35,68","147,49","0,7","1,8",,,,
"35,7","147,64","0,7","1,8",,,,
"35,72","147,76","0,7","1,8",,,,
"35,74","147,87","0,7","1,8",,,,
"35,76","147,96","0,7","1,8",,,,
"35,78","148,03","0,7","1,8",,,,
"35,8","148,08","0,7","1,8",,,,
"35,82","148,12","0,7","1,8",,,,
"35,84","148,15","0,7","1,8",,,,
"35,86","148,2","0,7","1,8",,,,
"35,88","148,27","0,7","1,8",,,,
"35,9","148,38","0,7","1,8",,,,
"35,92","148,51","0,7","1,8",,,,
"35,94","148,67","0,7","1,8",,,,
"35,96","148,83","0,7","1,8",,,,
"35,98","148,95","0,7","1,8",,,,
36,149,"0,7","1,8",,,,
"36,02","149,01","0,7","1,8",,,,
"36,04","149,01","0,7","1,9",,,,
"36,06","149,04","0,7","1,9",,,,
"36,08","149,1","0,7","1,9",,,,
"36,1","149,16","0,7","1,8",,,,
"36,12","149,21","0,7","1,8",,,,
"36,14","149,24","0,7","1,9",,,,
"36,16","149,25","0,7","1,8",,,,
"36,18","149,26","0,7","1,8",,,,
"36,2","149,27","0,7","1,9",,,,
"36,22","149,28","0,7","1,9",,,,
"36,24","149,29","0,7","1,8",,,,
"36,26","149,31","0,7","1,8",,,,
"36,28","149,33","0,7","1,8",,,,
"36,3","149,35","0,7","1,9",,,,
"36,32","149,38","0,7","1,9",,,,
"36,34","149,44","0,7","1,8",,,,
"36,36","149,49","0,7","1,9",,,,
"36,38","149,5","0,7","1,9",,,,
"36,4","149,5","0,7","1,8",,,,
"36,42","149,5","0,7","1,8",,,,
"36,44","149,5","0,7","1,9",,,,
"36,46","149,5","0,7","1,9",,,,
"36,48","149,5","0,7","1,8",,,,
"36,5","149,5","0,7","1,8",,,,
"36,52","149,5","0,7","1,9",,,,
"36,54","149,5","0,7","1,9",,,,
"36,56","149,5","0,7","1,8",,,,
"36,58","149,5","0,7","1,8",,,,
"36,6","149,5","0,7","1,9",,,,
"36,62","149,5","0,7","1,8",,,,
"36,64","149,5","0,7","1,8",,,,
"36,66","149,5","0,7","1,8",,,,
"36,68","149,5","0,7","1,8",,,,